dataset,k,n_muestras,n_features,consistencia_vecinal_media,knn_bac_media,knn_bac_std,knn_f1_macro_media,knn_f1_macro_std,jaccard_media,jaccard_std,margen_local_media,margen_local_n_validos,margen_local_n_total
us_crime,7,1994,100,0.9128098581458662,0.6243015788853541,0.04469819587593596,0.6675220368112817,0.056533078269836015,0.9100412348155578,0.1289745128504386,1.0098916952859587,413,1994
shuttle,7,58000,9,0.9971600985221675,0.8600918663611538,0.04599838061317864,0.8490717616344193,0.03958795523474713,0.8836688871473355,0.1490222497815958,1.3491059920197188,381,58000
wdbc,7,569,30,0.9066030630178258,0.9168527313753321,0.03189398507822,0.921527258440265,0.0249513808901147,0.9982425307557118,0.020905662129599177,1.100779939884771,126,569
glass,7,214,9,0.6054739652870494,0.47321428571428575,0.04865239581504404,0.4637010401263275,0.06514266957889225,0.9335410176531671,0.11951505897196225,1.1635661776487642,153,214
heart,7,303,13,0.4064120697784064,0.21585497835497836,0.028257998541124516,0.1907933505796795,0.03725907546216621,0.9966996699669967,0.028581223283722975,1.0129529698361939,238,303
ecoli,7,336,7,0.7925170068027211,0.7642381858699594,0.08388374806394525,0.7485028130787862,0.09281351969355425,0.756167328042328,0.17522181199093612,1.0610172746916915,165,336
predict_faults,7,10000,5,0.952,0.25059763981015615,0.021181551592543525,0.28456238249079885,0.02692414564923586,0.994,0.03826416619556036,1.0315940695096795,1165,10000
telco_churn,7,7043,30,0.7127441634043933,0.6691148895811094,0.010016209806653884,0.6817480113654926,0.010823865933504118,0.9906416142111157,0.05146456304640957,1.0595312016742555,4706,7043
