feature,D,p_value,normal_h0_p_ge_0_05,nota
time,0.18341501672070382,0.0,False,
A2,0.47010708309274674,0.0,False,
A3,0.15318699118709989,0.0,False,
A4,0.4170113225949561,0.0,False,
A5,0.20527530194620086,0.0,False,
A6,0.44222492210437603,0.0,False,
A7,0.13350984334199167,0.0,False,
A8,0.16814759440232552,0.0,False,
A9,0.2930355072854741,0.0,False,
