feature,D,p_value,normal_h0_p_ge_0_05,nota
mcg,0.10792916605098224,0.0007302273471884686,False,
gvh,0.11297438374457791,0.00034288853894837694,False,
lip,0.5396517696910879,4.181665300249168e-92,False,
chg,0.5187770216690313,1.318777395251753e-84,False,
aac,0.05731829558107637,0.21136094340074674,True,
alm1,0.10736370796954514,0.0007930736036616588,False,
alm2,0.1569125566817683,1.0827831585843235e-07,False,
