feature,D,p_value,normal_h0_p_ge_0_05,nota
sepal_length,0.08865362062560356,0.17813731274086397,True,
sepal_width,0.10288974529825623,0.07774331026546843,True,
petal_length,0.1983476894416521,1.1998959410566317e-05,False,
petal_width,0.17234061848664828,0.0002295345532203513,False,
