feature,D,p_value,normal_h0_p_ge_0_05,nota
RI,0.171270759267538,5.863703061595521e-06,False,
Na,0.09418263516607418,0.04200944950748464,False,
Mg,0.3129273084348664,4.051051830456854e-19,False,
Al,0.11765528250617907,0.004880759519368564,False,
Si,0.12053723356551982,0.003625479465682687,False,
K,0.3135829653949018,3.3688155312809566e-19,False,
Ca,0.1945247159762401,1.4373484812398388e-07,False,
Ba,0.4600300404358251,5.920526552786161e-42,False,
Fe,0.39364994189758606,2.1214228919755374e-30,False,
