dataset,features_evaluadas,%_features_normales_pre,D_medio_pre
shuttle,9,0.0,0.2739903980750972
wdbc,30,16.666666666666668,0.11649174112591318
glass,9,0.0,0.24204009807163673
heart,13,23.076923076923077,0.2706373911889096
iris,4,50.0,0.14055791846304005
ecoli,7,14.285714285714286,0.22870384305543848
